Start,StartInMin,End,EndInMin,SleepQuality,DurationInHourMin,DurationInMins,WakeUpFace,WakeUpClass,HeartRate,Activity (Steps)
7/6/2016 4:05,245.00,7/6/16 7:31 AM,451.00,0.41,0.1424,205,:|,0,60,3408
7/6/2016 23:17,1397.00,7/7/16 7:09 AM,429.00,0.75,0.3278,472,:),1,78,2186
7/7/2016 23:11,1391.00,7/8/16 7:28 AM,448.00,0.85,0.3444,496,:|,0,78,3454
7/9/2016 1:05,65.00,7/9/16 9:36 AM,576.00,0.75,0.3542,510,:),1,72,2790
7/10/2016 23:34,1414.00,7/11/16 7:28 AM,448.00,0.77,0.3285,473,:|,0,62,1530
7/11/2016 23:15,1395.00,7/12/16 7:28 AM,448.00,0.86,0.3424,493,:|,0,69,2900
7/12/2016 23:48,1428.00,7/13/16 7:29 AM,449.00,0.71,0.3194,460,:|,0,63,1690
7/14/2016 0:32,32.00,7/14/16 7:29 AM,449.00,0.76,0.2889,416,:|,0,82,2034
7/14/2016 23:26,1406.00,7/15/16 7:25 AM,445.00,0.83,0.3326,479,:(,-1,64,2006
7/16/2016 2:32,152.00,7/16/16 9:13 AM,553.00,0.64,0.2778,400,:),1,76,3392
7/17/2016 4:00,240.00,7/17/16 11:26 AM,686.00,0.34,0.3097,446,:),1,68,3030
7/17/2016 22:40,1360.00,7/18/16 7:27 AM,447.00,0.81,0.366,527,:),1,88,1510
7/19/2016 0:13,13.00,7/19/16 7:25 AM,445.00,0.69,0.2993,431,:|,0,73,2030
7/19/2016 23:16,1396.00,7/20/16 7:25 AM,445.00,0.84,0.3389,488,:|,0,82,4778
7/20/2016 23:28,1408.00,7/21/16 7:25 AM,445.00,0.83,0.3313,477,:|,0,60,3096
7/22/2016 1:05,65.00,7/22/16 7:39 AM,459.00,0.67,0.2736,394,:|,0,93,4756
7/23/2016 1:30,90.00,7/23/16 9:55 AM,595.00,0.76,0.3507,505,:),1,78,1547
7/24/2016 7:22,442.00,7/24/16 10:36 AM,636.00,0.14,0.1347,194,:|,0,99,73
7/25/2016 0:00,0.00,7/25/16 7:50 AM,470.00,0.89,0.3257,469,:|,0,62,743
7/25/2016 23:44,1424.00,7/26/16 7:40 AM,460.00,0.77,0.3306,476,:),1,78,4211
7/27/2016 2:56,176.00,7/27/16 7:56 AM,476.00,0.57,0.2083,300,:|,0,67,2958
7/28/2016 4:27,267.00,7/28/16 7:56 AM,476.00,0.37,0.1444,208,:|,0,62,6430
7/29/2016 5:20,320.00,7/29/16 7:55 AM,475.00,0.29,0.1069,154,:|,0,86,2611
7/30/2016 1:20,80.00,7/30/16 10:03 AM,603.00,0.98,0.3632,523,:),1,77,2376
7/31/2016 2:54,174.00,7/31/16 11:04 AM,664.00,0.88,0.3396,489,:),1,79,3191
8/1/2016 0:59,59.00,8/1/16 7:52 AM,472.00,0.6,0.2868,413,:|,0,79,3001
8/2/2016 2:13,133.00,8/2/16 7:37 AM,457.00,0.59,0.225,324,:|,0,79,5408
8/4/2016 0:45,45.00,8/4/16 7:51 AM,471.00,0.73,0.2958,426,:|,0,76,4948
8/5/2016 1:11,71.00,8/5/16 7:36 AM,456.00,0.66,0.2674,385,:|,0,67,3455
8/6/2016 3:14,194.00,8/6/16 8:48 AM,528.00,0.46,0.2319,334,:),1,105,14755
8/7/2016 1:59,119.00,8/7/16 9:22 AM,562.00,0.75,0.3069,442,:|,0,71,13838
8/8/2016 0:54,54.00,8/8/16 7:18 AM,438.00,0.64,0.2667,384,:),1,69,3461
8/9/2016 0:32,32.00,8/9/16 7:44 AM,464.00,0.84,0.3,432,:|,0,73,7509
8/10/2016 0:58,58.00,8/10/16 7:59 AM,479.00,0.7,0.2924,421,:|,0,81,5911
8/11/2016 0:07,7.00,8/11/16 7:54 AM,474.00,0.76,0.3236,466,:|,0,63,4394
8/12/2016 0:32,32.00,8/12/16 7:39 AM,459.00,0.71,0.2965,427,:|,0,76,2746
8/13/2016 0:24,24.00,8/13/16 8:44 AM,524.00,0.88,0.3465,499,:|,0,83,3597
8/14/2016 4:09,249.00,8/14/16 9:37 AM,577.00,0.6,0.2271,327,:),1,73,10837
8/14/2016 23:34,1414.00,8/15/16 7:45 AM,465.00,0.86,0.341,491,:|,0,76,2144
8/16/2016 1:01,61.00,8/16/16 7:38 AM,458.00,0.74,0.275,396,:|,0,65,3903
8/17/2016 1:24,84.00,8/17/16 7:44 AM,464.00,0.6,0.2639,380,:(,-1,70,3275
8/19/2016 0:00,0.00,8/19/16 7:43 AM,463.00,0.76,0.3215,463,:|,0,87,2663
8/21/2016 3:33,213.00,8/21/16 10:55 AM,655.00,0.77,0.3069,442,:|,0,72,4449
8/21/2016 23:28,1408.00,8/22/16 7:33 AM,453.00,0.9,0.3361,484,:|,0,68,2031
8/23/2016 0:08,8.00,8/23/16 7:29 AM,449.00,0.82,0.3056,440,:|,0,53,3141
8/24/2016 0:21,21.00,8/24/16 7:26 AM,446.00,0.74,0.2944,424,:|,0,64,2756
8/25/2016 1:09,69.00,8/25/16 7:34 AM,454.00,0.61,0.2674,385,:|,0,69,6176
8/26/2016 0:47,47.00,8/26/16 7:33 AM,453.00,0.62,0.2813,405,:|,0,67,4863
8/28/2016 0:56,56.00,8/28/16 8:48 AM,528.00,0.78,0.3271,471,:),1,72,6774
8/28/2016 23:24,1404.00,8/29/16 7:32 AM,452.00,0.5,0.3382,487,:|,0,72,6242
8/30/2016 0:20,20.00,8/30/16 7:35 AM,455.00,0.65,0.3014,434,:|,0,61,3714
8/31/2016 1:43,103.00,8/31/16 7:28 AM,448.00,0.48,0.2396,345,:|,0,64,3018
8/31/2016 23:56,1436.00,9/1/16 7:32 AM,452.00,0.69,0.3167,456,:|,0,96,4034
9/1/2016 23:28,1408.00,9/2/16 7:33 AM,453.00,0.76,0.3361,484,:|,0,54,2551
9/3/2016 1:02,62.00,9/3/16 8:43 AM,523.00,0.84,0.3201,461,:),1,63,3242
9/5/2016 0:26,26.00,9/5/16 8:03 AM,483.00,0.75,0.3174,457,:|,0,66,1328
9/5/2016 22:34,1354.00,9/6/16 7:35 AM,455.00,0.79,0.3757,541,:|,0,65,5215
9/7/2016 0:14,14.00,9/7/16 7:34 AM,454.00,0.73,0.3049,439,:|,0,59,3459
9/7/2016 23:46,1426.00,9/8/16 7:32 AM,452.00,0.77,0.3236,466,:|,0,69,2374
9/8/2016 23:45,1425.00,9/9/16 6:51 AM,411.00,0.71,0.2951,425,:),1,75,1918
9/10/2016 6:17,377.00,9/10/16 9:23 AM,563.00,0.38,0.1292,186,:),1,73,1918
9/11/2016 0:34,34.00,9/11/16 10:24 AM,624.00,0.96,0.409,589,:),1,70,4152
9/11/2016 23:47,1427.00,9/12/16 7:21 AM,441.00,0.63,0.3153,454,:),1,67,2253
9/12/2016 23:26,1406.00,9/13/16 7:21 AM,441.00,0.76,0.3292,474,:),1,70,6271
9/14/2016 0:15,15.00,9/14/16 7:33 AM,453.00,0.7,0.3035,437,:|,0,70,2347
9/15/2016 0:22,22.00,9/15/16 6:56 AM,416.00,0.57,0.2729,393,:|,0,80,4076
9/15/2016 23:14,1394.00,9/16/16 7:20 AM,440.00,0.74,0.3375,486,:),1,79,3118
9/16/2016 22:53,1373.00,9/17/16 8:29 AM,509.00,0.91,0.4,576,:),1,64,3276
9/18/2016 0:46,46.00,9/18/16 9:26 AM,566.00,0.78,0.3604,519,:),1,116,3410
9/18/2016 23:43,1423.00,9/19/16 7:33 AM,453.00,0.81,0.3264,470,:|,0,64,1964
9/20/2016 1:01,61.00,9/20/16 7:35 AM,455.00,0.63,0.2729,393,:|,0,80,3784
9/21/2016 0:13,13.00,9/21/16 7:27 AM,447.00,0.74,0.3014,434,:|,0,69,2020
9/21/2016 23:29,1409.00,9/22/16 7:32 AM,452.00,0.88,0.3354,483,:|,0,72,3392
9/23/2016 0:03,3.00,9/23/16 7:35 AM,455.00,0.81,0.3139,452,:|,0,83,3969
9/25/2016 3:11,191.00,9/25/16 10:37 AM,637.00,0.84,0.3097,446,:),1,81,3006
9/25/2016 23:30,1410.00,9/26/16 7:16 AM,436.00,0.89,0.3236,466,:),1,66,3433
9/27/2016 1:02,62.00,9/27/16 7:29 AM,449.00,0.77,0.2688,387,:|,0,85,2565
9/27/2016 23:45,1425.00,9/28/16 7:33 AM,453.00,0.97,0.3243,467,:|,0,72,2473
9/29/2016 0:24,24.00,9/29/16 7:35 AM,455.00,0.74,0.2986,430,:|,0,63,2903
9/29/2016 23:48,1428.00,9/30/16 7:32 AM,452.00,0.72,0.3222,464,:|,0,76,2918
9/30/2016 23:27,1407.00,10/1/16 8:34 AM,514.00,1,0.3799,547,:),1,83,5232
10/1/2016 22:40,1360.00,10/2/16 10:20 AM,620.00,0.87,0.4854,699,:),1,112,2165
10/3/2016 0:24,24.00,10/3/16 7:27 AM,447.00,0.75,0.2931,422,:),1,87,1761
10/4/2016 2:36,156.00,10/4/16 7:33 AM,453.00,0.56,0.2063,297,:|,0,78,5039
10/5/2016 1:09,69.00,10/5/16 7:32 AM,452.00,0.42,0.266,383,:|,0,82,2954
10/6/2016 0:55,55.00,10/6/16 7:34 AM,454.00,0.7,0.2764,398,:(,-1,72,3649
10/8/2016 2:07,127.00,10/8/16 9:57 AM,597.00,0.68,0.3264,470,:),1,69,3586
10/10/2016 1:41,101.00,10/10/16 7:24 AM,444.00,0.56,0.2382,343,:|,0,75,5362
10/11/2016 1:18,78.00,10/11/16 2:14 AM,134.00,0.12,0.0382,55,:),1,75,3909
10/11/2016 2:26,146.00,10/11/16 7:33 AM,453.00,0.58,0.2125,306,:|,0,62,3909
10/12/2016 1:33,93.00,10/12/16 7:33 AM,453.00,0.57,0.25,360,:|,0,64,2066
10/13/2016 2:55,175.00,10/13/16 7:30 AM,450.00,0.41,0.191,275,:),1,67,2494
10/13/2016 23:44,1424.00,10/14/16 7:34 AM,454.00,0.7,0.3264,470,:(,-1,66,2228
10/16/2016 2:16,136.00,10/16/16 10:06 AM,606.00,0.84,0.3257,469,:),1,84,1461
10/17/2016 0:00,0.00,10/17/16 7:29 AM,449.00,0.65,0.3111,448,:|,0,73,2936
10/18/2016 2:22,142.00,10/18/16 7:30 AM,450.00,0.54,0.2139,308,:|,0,64,2820
10/19/2016 0:39,39.00,10/19/16 7:34 AM,454.00,0.79,0.2882,415,:|,0,53,3633
10/20/2016 1:02,62.00,10/20/16 7:34 AM,454.00,0.64,0.2722,392,:|,0,53,2815
10/21/2016 0:53,53.00,10/21/16 7:15 AM,435.00,0.66,0.2653,382,:|,0,56,2451
10/22/2016 2:00,120.00,10/22/16 11:42 AM,702.00,0.92,0.4042,582,:),1,93,2958
10/23/2016 1:18,78.00,10/23/16 9:10 AM,550.00,0.8,0.3271,471,:),1,73,2703
10/23/2016 23:42,1422.00,10/24/16 7:00 AM,420.00,0.52,0.3035,437,:|,0,81,2918
10/24/2016 23:35,1415.00,10/25/16 6:58 AM,418.00,0.67,0.3069,442,:(,-1,58,1781
10/25/2016 23:21,1401.00,10/26/16 7:00 AM,420.00,0.78,0.3181,458,:|,0,58,1484
10/27/2016 1:24,84.00,10/27/16 7:13 AM,433.00,0.66,0.2424,349,:|,0,58,3739
10/28/2016 0:00,0.00,10/28/16 7:12 AM,432.00,0.65,0.2993,431,:|,0,96,3577
10/29/2016 0:49,49.00,10/29/16 10:47 AM,647.00,0.58,0.4153,598,:),1,80,2531
10/30/2016 1:25,85.00,10/30/16 9:10 AM,550.00,0.79,0.3229,465,:),1,83,806
10/30/2016 23:56,1436.00,10/31/16 7:12 AM,432.00,0.67,0.3028,436,:|,0,63,1305
10/31/2016 23:45,1425.00,11/1/16 7:13 AM,433.00,0.6,0.3111,448,:|,0,67,5130
11/1/2016 23:26,1406.00,11/2/16 7:13 AM,433.00,0.61,0.3243,467,:|,0,61,3451
11/3/2016 0:01,1.00,11/3/16 7:09 AM,429.00,0.64,0.2972,428,:|,0,72,3872
11/3/2016 23:21,1401.00,11/4/16 7:12 AM,432.00,0.72,0.3264,470,:|,0,73,1914
11/7/2016 0:38,38.00,11/7/16 6:55 AM,415.00,0.51,0.2611,376,:|,0,71,2317
11/8/2016 0:01,1.00,11/8/16 7:04 AM,424.00,0.68,0.2931,422,:|,0,72,4398
11/9/2016 2:13,133.00,11/9/16 7:11 AM,431.00,0.47,0.2069,298,:|,0,72,2478
11/10/2016 0:26,26.00,11/10/16 7:10 AM,430.00,0.56,0.2799,403,:|,0,66,2660
11/10/2016 23:52,1432.00,11/11/16 7:28 AM,448.00,0.7,0.3167,456,:|,0,73,2480
11/13/2016 0:52,52.00,11/13/16 10:04 AM,604.00,0.79,0.3826,551,:),1,77,772
11/14/2016 0:28,28.00,11/14/16 7:27 AM,447.00,0.64,0.291,419,:|,0,77,1132
11/15/2016 1:01,61.00,11/15/16 7:10 AM,430.00,0.58,0.2556,368,:|,0,82,2884
11/16/2016 0:21,21.00,11/16/16 7:00 AM,420.00,0.67,0.2771,399,:|,0,66,2341
11/17/2016 0:43,43.00,11/17/16 6:59 AM,419.00,0.66,0.2611,376,:|,0,66,3311
11/18/2016 1:10,70.00,11/18/16 7:14 AM,434.00,0.58,0.2521,363,:(,-1,66,2905
11/20/2016 3:54,234.00,11/20/16 11:57 AM,717.00,0.77,0.3354,483,:),1,96,2719
11/20/2016 23:54,1434.00,11/21/16 7:11 AM,431.00,0.71,0.3028,436,:|,0,80,1962
11/21/2016 23:58,1438.00,11/22/16 7:14 AM,434.00,0.73,0.3028,436,:|,0,66,3227
11/22/2016 23:54,1434.00,11/23/16 7:10 AM,430.00,0.76,0.3021,435,:|,0,70,4886
11/24/2016 1:30,90.00,11/24/16 8:21 AM,501.00,0.71,0.2854,411,:),1,93,2922
11/24/2016 23:42,1422.00,11/25/16 1:11 PM,791.00,0.64,0.5618,809,:),1,88,4327
11/27/2016 1:53,113.00,11/27/16 8:45 AM,525.00,0.7,0.2854,411,:),1,67,621
11/28/2016 0:29,29.00,11/28/16 7:15 AM,435.00,0.71,0.2813,405,:|,0,55,1008
11/29/2016 0:42,42.00,11/29/16 7:10 AM,430.00,0.65,0.2688,387,:|,0,59,3296
11/29/2016 23:00,1380.00,11/30/16 7:13 AM,433.00,0.88,0.3417,492,:|,0,70,2399
11/30/2016 22:56,1376.00,12/1/16 7:11 AM,431.00,0.78,0.3431,494,:(,-1,65,2532
12/1/2016 23:50,1430.00,12/2/16 7:14 AM,434.00,0.68,0.3083,444,:|,0,68,1940
12/3/2016 0:53,53.00,12/3/16 8:58 AM,538.00,0.92,0.3361,484,:|,0,76,4002
12/5/2016 1:00,60.00,12/5/16 6:54 AM,414.00,0.59,0.2458,354,:|,0,76,645
12/6/2016 0:05,5.00,12/6/16 7:15 AM,435.00,0.63,0.2979,429,:|,0,63,2839
12/7/2016 1:39,99.00,12/7/16 7:30 AM,450.00,0.5,0.2431,350,:|,0,66,2984
12/8/2016 0:39,39.00,12/8/16 7:30 AM,450.00,0.71,0.2854,411,:|,0,83,2439
12/9/2016 1:56,116.00,12/9/16 7:11 AM,431.00,0.71,0.2854,411,:|,0,83,2062
12/10/2016 2:49,169.00,12/10/16 8:39 AM,519.00,0.66,0.2431,350,:),1,85,3740
12/10/2016 23:08,1388.00,12/11/16 8:32 AM,512.00,0.81,0.391,563,:),1,77,1085
12/11/2016 23:58,1438.00,12/12/16 7:31 AM,451.00,0.78,0.3139,452,:(,-1,77,1044
12/13/2016 0:43,43.00,12/13/16 7:23 AM,443.00,0.67,0.2778,400,:|,0,69,3719
12/14/2016 2:02,122.00,12/14/16 7:30 AM,450.00,0.49,0.2271,327,:|,0,78,5881
12/15/2016 0:38,38.00,12/15/16 7:30 AM,450.00,0.8,0.2861,412,:|,0,60,2846
12/16/2016 2:37,157.00,12/16/16 7:28 AM,448.00,0.56,0.2021,291,:|,0,54,3499
12/17/2016 2:15,135.00,12/17/16 8:54 AM,534.00,0.56,0.2021,291,:|,0,54,4790
12/18/2016 1:11,71.00,12/18/16 8:56 AM,536.00,0.61,0.3222,464,:),1,80,3592
12/19/2016 1:26,86.00,12/19/16 2:08 AM,128.00,0.61,0.3222,464,:),1,80,3427
12/19/2016 6:37,397.00,12/19/16 7:30 AM,450.00,0.11,0.0361,52,:(,-1,80,171
12/20/2016 1:51,111.00,12/20/16 7:30 AM,450.00,0.45,0.2347,338,:|,0,69,2123
12/21/2016 0:52,52.00,12/21/16 7:32 AM,452.00,0.63,0.2771,399,:|,0,61,2099
12/22/2016 0:25,25.00,12/22/16 7:11 AM,431.00,0.72,0.2819,406,:),1,76,2767
12/23/2016 1:35,95.00,12/23/16 10:21 AM,621.00,0.97,0.3653,526,:),1,69,2252
12/24/2016 4:32,272.00,12/24/16 10:52 AM,652.00,0.75,0.2639,380,:),1,96,986
12/25/2016 5:22,322.00,12/25/16 11:53 AM,713.00,0.75,0.2715,391,:),1,85,1847
12/26/2016 1:42,102.00,12/26/16 12:22 PM,742.00,0.75,0.2715,391,:),1,85,782
12/26/2016 23:16,1396.00,12/27/16 9:47 AM,587.00,0.86,0.4375,630,:),1,77,356
12/28/2016 2:18,138.00,12/28/16 11:32 AM,692.00,0.9,0.3847,554,:),1,99,2352
12/28/2016 22:20,1340.00,12/29/16 8:29 AM,509.00,0.84,0.4229,609,:),1,78,418
12/30/2016 4:02,242.00,12/30/16 9:50 AM,590.00,0.71,0.2417,348,:),1,102,1433
12/31/2016 4:52,292.00,12/31/16 11:35 AM,695.00,0.79,0.2792,402,:),1,98,3055
1/1/2017 4:59,299.00,1/1/17 11:42 AM,702.00,0.64,0.2792,402,:),1,84,2500
1/2/2017 0:41,41.00,1/2/17 10:53 AM,653.00,1,0.425,612,:),1,83,1584
1/3/2017 1:53,113.00,1/3/17 7:41 AM,461.00,0.63,0.241,347,:),1,86,1193
1/4/2017 0:22,22.00,1/4/17 7:38 AM,458.00,0.75,0.3021,435,:|,0,86,2477
1/5/2017 1:15,75.00,1/5/17 7:45 AM,465.00,0.79,0.2708,390,:),1,73,2340
1/6/2017 2:48,168.00,1/6/17 7:43 AM,463.00,0.62,0.2042,294,:|,0,91,3133
1/7/2017 1:55,115.00,1/7/17 10:46 AM,646.00,0.99,0.3681,530,:),1,70,2453
1/8/2017 3:51,231.00,1/8/17 11:19 AM,679.00,0.86,0.3111,448,:),1,89,2718
1/8/2017 23:49,1429.00,1/9/17 7:43 AM,463.00,0.89,0.3285,473,:|,0,62,1557
1/10/2017 1:02,62.00,1/10/17 7:43 AM,463.00,0.77,0.2785,401,:),1,66,2957
1/11/2017 2:05,125.00,1/11/17 7:38 AM,458.00,0.64,0.2313,333,:|,0,90,3426
1/12/2017 0:34,34.00,1/12/17 7:28 AM,448.00,0.78,0.2868,413,:|,0,90,3970
1/12/2017 23:09,1389.00,1/13/17 7:20 AM,440.00,0.79,0.3403,490,:|,0,87,3657
1/14/2017 1:44,104.00,1/14/17 10:59 AM,659.00,1,0.3854,555,:),1,73,2968
1/15/2017 2:02,122.00,1/15/17 8:52 AM,532.00,0.8,0.2847,410,:),1,89,1987
1/17/2017 0:23,23.00,1/17/17 9:34 AM,574.00,1,0.3819,550,:),1,74,4668
1/17/2017 23:13,1393.00,1/18/17 8:29 AM,509.00,1,0.3861,556,:),1,103,3386
1/19/2017 3:28,208.00,1/19/17 8:19 AM,499.00,0.6,0.2014,290,:),1,96,1437
1/20/2017 2:57,177.00,1/20/17 9:37 AM,577.00,0.71,0.2771,399,:),1,72,1757
1/21/2017 2:25,145.00,1/21/17 10:53 AM,653.00,0.8,0.3528,508,:),1,95,2053
1/21/2017 22:57,1377.00,1/22/17 2:19 AM,139.00,0.8,0.3528,508,:),1,95,2658
1/22/2017 2:46,166.00,1/22/17 9:42 AM,582.00,0.78,0.2882,415,:),1,78,2658
1/22/2017 23:43,1423.00,1/23/17 6:59 AM,419.00,0.85,0.3028,436,:),1,70,809
1/24/2017 0:41,41.00,1/24/17 6:51 AM,411.00,0.73,0.2569,370,:),1,70,5268
1/24/2017 23:14,1394.00,1/25/17 7:00 AM,420.00,0.89,0.3229,465,:),1,81,3944
1/25/2017 23:33,1413.00,1/26/17 6:58 AM,418.00,0.9,0.3083,444,:|,0,81,6383
1/26/2017 23:12,1392.00,1/27/17 6:57 AM,417.00,0.76,0.3229,465,:),1,78,3701
1/28/2017 22:47,1367.00,1/29/17 10:20 AM,620.00,0.77,0.4806,692,:),1,79,2184
1/30/2017 0:06,6.00,1/30/17 6:50 AM,410.00,0.79,0.2806,404,:),1,64,1790
1/30/2017 23:23,1403.00,1/31/17 6:54 AM,414.00,0.62,0.3132,451,:|,0,61,3826
2/1/2017 0:38,38.00,2/1/17 6:57 AM,417.00,0.63,0.2632,379,:),1,89,3848
2/1/2017 23:56,1436.00,2/2/17 6:58 AM,418.00,0.79,0.2931,422,:),1,75,3383
2/2/2017 23:55,1435.00,2/3/17 6:41 AM,401.00,0.77,0.2819,406,:),1,71,4009
2/4/2017 4:00,240.00,2/4/17 9:02 AM,542.00,0.61,0.209,301,:),1,86,3007
2/5/2017 0:16,16.00,2/5/17 8:59 AM,539.00,1,0.3632,523,:),1,78,759
2/6/2017 1:55,115.00,2/6/17 6:57 AM,417.00,0.47,0.2097,302,:),1,67,3217
2/7/2017 0:33,33.00,2/7/17 7:00 AM,420.00,0.7,0.2681,386,:|,0,67,3382
2/7/2017 23:58,1438.00,2/8/17 6:58 AM,418.00,0.72,0.291,419,:|,0,68,4279
2/9/2017 0:09,9.00,2/9/17 6:56 AM,416.00,0.71,0.2826,407,:|,0,60,4292
2/10/2017 0:06,6.00,2/10/17 6:42 AM,402.00,0.66,0.2743,395,:|,0,65,3949
2/11/2017 0:12,12.00,2/11/17 10:06 AM,606.00,0.88,0.4125,594,:),1,77,3645
2/12/2017 0:22,22.00,2/12/17 10:01 AM,601.00,0.83,0.4014,578,:),1,68,1636
2/13/2017 0:04,4.00,2/13/17 6:59 AM,419.00,0.76,0.2882,415,:|,0,55,1818
2/13/2017 23:54,1434.00,2/14/17 7:00 AM,420.00,0.77,0.2958,426,:|,0,68,3034
2/15/2017 1:02,62.00,2/15/17 6:59 AM,419.00,0.64,0.2472,356,:|,0,84,4698
2/16/2017 1:08,68.00,2/16/17 6:54 AM,414.00,0.49,0.2403,346,:|,0,84,3683
2/17/2017 0:13,13.00,2/17/17 6:53 AM,413.00,0.78,0.2771,399,:|,0,80,3632
2/18/2017 1:59,119.00,2/18/17 9:59 AM,599.00,0.94,0.3326,479,:|,0,86,3507
2/18/2017 22:34,1354.00,2/19/17 9:48 AM,588.00,0.96,0.4674,673,:),1,94,2009
2/20/2017 1:03,63.00,2/20/17 7:00 AM,420.00,0.58,0.2479,357,:|,0,62,1562
2/20/2017 22:51,1371.00,2/21/17 7:01 AM,421.00,0.84,0.3403,490,:(,-1,62,4003
2/22/2017 1:02,62.00,2/22/17 6:59 AM,419.00,0.55,0.2472,356,:(,-1,65,4124
2/23/2017 1:07,67.00,2/23/17 7:00 AM,420.00,0.67,0.2451,353,:|,0,82,3598
2/24/2017 0:59,59.00,2/24/17 7:00 AM,420.00,0.56,0.2507,361,:|,0,74,3614
2/25/2017 3:27,207.00,2/25/17 11:23 AM,683.00,0.91,0.3299,475,:|,0,80,3369
2/26/2017 3:44,224.00,2/26/17 12:46 PM,766.00,0.93,0.3764,542,:),1,72,804
2/27/2017 0:36,36.00,2/27/17 6:57 AM,417.00,0.58,0.2639,380,:|,0,61,1202
2/28/2017 1:40,100.00,2/28/17 6:59 AM,419.00,0.57,0.2215,319,:|,0,76,3209
3/1/2017 1:43,103.00,3/1/17 6:44 AM,404.00,0.44,0.209,301,:|,0,87,4206
3/2/2017 1:20,80.00,3/2/17 7:00 AM,420.00,0.52,0.2361,340,:|,0,63,3377
3/3/2017 3:33,213.00,3/3/17 7:00 AM,420.00,0.37,0.1438,207,:|,0,73,5132
3/4/2017 5:44,344.00,3/4/17 11:35 AM,695.00,0.46,0.2431,350,:|,0,97,4242
3/6/2017 2:13,133.00,3/6/17 7:01 AM,421.00,0.43,0.2,288,:(,-1,97,3657
3/7/2017 0:59,59.00,3/7/17 7:01 AM,421.00,0.64,0.2514,362,:|,0,67,2900
3/8/2017 0:49,49.00,3/8/17 6:58 AM,418.00,0.68,0.2556,368,:|,0,82,3297
3/9/2017 0:33,33.00,3/9/17 6:59 AM,419.00,0.64,0.2681,386,:|,0,68,3565
3/9/2017 23:45,1425.00,3/10/17 6:59 AM,419.00,0.72,0.3014,434,:|,0,68,4050
3/15/2017 3:04,184.00,3/15/17 8:38 AM,518.00,0.65,0.2319,334,:),1,68,1577
3/16/2017 3:19,199.00,3/16/17 9:08 AM,548.00,0.67,0.2417,348,:|,0,68,862
3/17/2017 2:34,154.00,3/17/17 9:05 AM,545.00,0.74,0.2715,391,:),1,90,2980
3/18/2017 4:58,298.00,3/18/17 11:18 AM,678.00,0.73,0.2639,380,:),1,84,5088
3/19/2017 4:17,257.00,3/19/17 11:18 AM,678.00,0.68,0.2924,421,:),1,85,229
3/20/2017 1:38,98.00,3/20/17 7:20 AM,440.00,0.63,0.2375,342,:|,0,87,1448
3/21/2017 0:38,38.00,3/21/17 8:08 AM,488.00,0.65,0.3125,450,:|,0,77,4390
3/22/2017 1:09,69.00,3/22/17 6:17 AM,377.00,0.58,0.2132,307,:|,0,77,4253
3/22/2017 22:02,1322.00,3/23/17 7:51 AM,471.00,1,0.409,589,:),1,82,2996
3/24/2017 0:56,56.00,3/24/17 8:04 AM,484.00,0.76,0.2965,427,:|,0,75,2665
3/25/2017 2:25,145.00,3/25/17 11:05 AM,665.00,0.95,0.3611,520,:),1,105,2460
3/26/2017 4:19,259.00,3/26/17 10:59 AM,659.00,0.82,0.2778,400,:),1,77,1106
3/27/2017 1:27,87.00,3/27/17 7:30 AM,450.00,0.6,0.2514,362,:|,0,64,357
3/28/2017 0:14,14.00,3/28/17 7:30 AM,450.00,0.62,0.3021,435,:|,0,77,4345
3/28/2017 7:30,450.00,3/28/17 8:03 AM,483.00,0.07,0.0222,32,:),1,74,4345
3/29/2017 2:04,124.00,3/29/17 7:30 AM,450.00,0.59,0.2257,325,:|,0,74,5805
3/30/2017 0:42,42.00,3/30/17 7:29 AM,449.00,0.69,0.2826,407,:),1,76,3382
3/31/2017 0:19,19.00,3/31/17 7:29 AM,449.00,0.64,0.2986,430,:|,0,65,3270
4/1/2017 5:11,311.00,4/1/17 12:39 PM,759.00,0.83,0.3104,447,:),1,74,1291
4/2/2017 2:15,135.00,4/2/17 9:37 AM,577.00,0.72,0.3069,442,:|,0,62,1164
4/3/2017 3:36,216.00,4/3/17 7:22 AM,442.00,0.39,0.1569,226,:|,0,85,1111
4/4/2017 2:13,133.00,4/4/17 8:15 AM,495.00,0.65,0.2514,362,:),1,69,3543
4/5/2017 4:05,245.00,4/5/17 8:24 AM,504.00,0.49,0.1792,258,:|,0,89,4234
4/6/2017 4:39,279.00,4/6/17 8:28 AM,508.00,0.43,0.1583,228,:),1,84,3339
4/7/2017 2:53,173.00,4/7/17 8:22 AM,502.00,0.59,0.2278,328,:|,0,84,3247
4/8/2017 5:06,306.00,4/8/17 11:21 AM,681.00,0.68,0.2604,375,:),1,80,1578
4/9/2017 3:47,227.00,4/9/17 10:32 AM,632.00,0.71,0.2806,404,:),1,91,1061
4/10/2017 4:22,262.00,4/10/17 7:29 AM,449.00,0.34,0.1299,187,:),1,65,2281
4/11/2017 2:19,139.00,4/11/17 7:31 AM,451.00,0.6,0.216,311,:|,0,85,3726
4/12/2017 2:40,160.00,4/12/17 7:31 AM,451.00,0.59,0.2021,291,:|,0,85,3519
4/13/2017 2:38,158.00,4/13/17 7:28 AM,448.00,0.48,0.2007,289,:|,0,85,4683
4/14/2017 2:54,174.00,4/14/17 7:30 AM,450.00,0.52,0.1917,276,:|,0,69,4497
4/15/2017 7:24,444.00,4/15/17 11:22 AM,682.00,0.38,0.1646,237,:),1,87,267
4/16/2017 4:26,266.00,4/16/17 11:01 AM,661.00,0.71,0.2743,395,:),1,91,1226
4/17/2017 0:53,53.00,4/17/17 7:29 AM,449.00,0.75,0.2743,395,:|,0,91,2675
4/18/2017 2:20,140.00,4/18/17 8:14 AM,494.00,0.66,0.2458,354,:|,0,76,3964
4/19/2017 2:09,129.00,4/19/17 7:28 AM,448.00,0.58,0.2208,318,:|,0,92,3794
4/20/2017 5:08,308.00,4/20/17 9:31 AM,571.00,0.45,0.1826,263,:|,0,72,3248
4/20/2017 22:27,1347.00,4/21/17 7:27 AM,447.00,0.86,0.375,540,:|,0,57,1742
4/22/2017 5:05,305.00,4/22/17 1:07 PM,787.00,0.78,0.3347,482,:|,0,75,5496
4/23/2017 1:30,90.00,4/23/17 10:08 AM,608.00,0.78,0.359,517,:),1,63,1525
4/24/2017 0:42,42.00,4/24/17 7:18 AM,438.00,0.56,0.275,396,:|,0,68,1431
4/25/2017 0:49,49.00,4/25/17 4:18 AM,258.00,0.32,0.1451,209,:),1,73,2715
4/25/2017 4:19,259.00,4/25/17 7:27 AM,447.00,0.35,0.1299,187,:|,0,73,2715
4/26/2017 1:55,115.00,4/26/17 7:25 AM,445.00,0.46,0.2285,329,:|,0,72,1946
4/27/2017 2:27,147.00,4/27/17 7:25 AM,445.00,0.53,0.2069,298,:|,0,72,3901
4/28/2017 3:45,225.00,4/28/17 7:27 AM,447.00,0.44,0.1535,221,:|,0,68,3836
4/29/2017 0:50,50.00,4/29/17 8:47 AM,527.00,0.82,0.3306,476,:),1,74,2874
4/29/2017 22:17,1337.00,4/30/17 9:05 AM,545.00,0.69,0.4493,647,:),1,74,1398
5/1/2017 2:58,178.00,5/1/17 7:29 AM,449.00,0.55,0.1882,271,:|,0,72,2055
5/2/2017 3:17,197.00,5/2/17 9:07 AM,547.00,0.6,0.2424,349,:),1,72,5023
5/3/2017 0:36,36.00,5/3/17 7:30 AM,450.00,0.73,0.2868,413,:(,-1,92,2483
5/4/2017 2:34,154.00,5/4/17 8:30 AM,510.00,0.69,0.2472,356,:|,0,92,3716
5/4/2017 23:39,1419.00,5/5/17 8:27 AM,507.00,0.86,0.366,527,:|,0,62,1525
5/6/2017 4:09,249.00,5/6/17 10:14 AM,614.00,0.63,0.2535,365,:),1,80,2913
5/7/2017 1:56,116.00,5/7/17 10:15 AM,615.00,0.9,0.3458,498,:),1,67,5805
5/8/2017 2:16,136.00,5/8/17 7:30 AM,450.00,0.56,0.2181,314,:|,0,60,1140
5/9/2017 2:15,135.00,5/9/17 8:28 AM,508.00,0.67,0.2583,372,:|,0,81,3898
5/10/2017 1:47,107.00,5/10/17 7:25 AM,445.00,0.59,0.2347,338,:),1,88,3629
5/11/2017 3:00,180.00,5/11/17 7:30 AM,450.00,0.39,0.1868,269,:),1,81,3963
5/12/2017 1:38,98.00,5/12/17 7:20 AM,440.00,0.59,0.2375,342,:|,0,79,2045
5/13/2017 3:02,182.00,5/13/17 11:46 AM,706.00,0.98,0.3632,523,:|,0,76,4715
5/14/2017 5:46,346.00,5/14/17 1:59 PM,839.00,0.92,0.3417,492,:),1,87,6360
5/15/2017 2:22,142.00,5/15/17 7:30 AM,450.00,0.55,0.2139,308,:),1,76,1825
5/16/2017 2:18,138.00,5/16/17 7:29 AM,449.00,0.62,0.216,311,:|,0,86,5529
5/17/2017 3:33,213.00,5/17/17 7:29 AM,449.00,0.45,0.1639,236,:|,0,64,3193
5/18/2017 1:11,71.00,5/18/17 7:29 AM,449.00,0.7,0.2625,378,:|,0,67,3304
5/19/2017 4:47,287.00,5/19/17 9:19 AM,559.00,0.5,0.1882,271,:|,0,88,9462
5/20/2017 4:21,261.00,5/20/17 11:21 AM,681.00,0.77,0.291,419,:),1,103,4970
5/21/2017 2:36,156.00,5/21/17 10:32 AM,632.00,0.86,0.3306,476,:),1,89,4811
5/21/2017 23:53,1433.00,5/22/17 7:41 AM,461.00,0.8,0.325,468,:),1,78,2004
5/23/2017 7:15,435.00,5/23/17 8:12 AM,492.00,0.12,0.0389,56,:|,0,107,834
5/24/2017 1:44,104.00,5/24/17 8:14 AM,494.00,0.66,0.2708,390,:),1,75,2585
5/25/2017 1:12,72.00,5/25/17 8:15 AM,495.00,0.76,0.2931,422,:|,0,75,3975
5/26/2017 1:37,97.00,5/26/17 8:12 AM,492.00,0.71,0.2743,395,:),1,69,1985
5/27/2017 5:45,345.00,5/27/17 1:09 PM,789.00,0.76,0.3083,444,:),1,91,2807
5/28/2017 3:38,218.00,5/28/17 11:50 AM,710.00,0.85,0.341,491,:),1,91,2227
5/29/2017 3:11,191.00,5/29/17 8:02 AM,482.00,0.52,0.2021,291,:),1,91,595
5/30/2017 0:49,49.00,5/30/17 7:48 AM,468.00,0.63,0.2903,418,:),1,91,2326
5/31/2017 0:38,38.00,5/31/17 7:33 AM,453.00,0.71,0.2875,414,:|,0,88,5428
6/1/2017 0:32,32.00,6/1/17 7:36 AM,456.00,0.79,0.2938,423,:|,0,84,3339
6/2/2017 1:38,98.00,6/2/17 7:47 AM,467.00,0.61,0.2556,368,:|,0,64,2310
6/3/2017 1:47,107.00,6/3/17 9:51 AM,591.00,0.86,0.3354,483,:),1,74,2921
6/4/2017 3:47,227.00,6/4/17 11:41 AM,701.00,0.79,0.3285,473,:),1,89,2690
6/5/2017 0:55,55.00,6/5/17 7:51 AM,471.00,0.56,0.2889,416,:),1,79,596
6/6/2017 0:02,2.00,6/6/17 6:59 AM,419.00,0.61,0.2889,416,:),1,54,2131
6/7/2017 1:42,102.00,6/7/17 6:53 AM,413.00,0.57,0.2153,310,:|,0,83,1738
6/8/2017 1:36,96.00,6/8/17 7:30 AM,450.00,0.56,0.2451,353,:|,0,83,3306
6/9/2017 2:14,134.00,6/9/17 7:25 AM,445.00,0.53,0.216,311,:|,0,62,3433
6/10/2017 3:43,223.00,6/10/17 9:31 AM,571.00,0.66,0.2417,348,:),1,97,3831
6/11/2017 3:50,230.00,6/11/17 9:38 AM,578.00,0.65,0.2417,348,:),1,75,1024
6/12/2017 0:08,8.00,6/12/17 7:27 AM,447.00,0.63,0.3042,438,:),1,77,606
6/13/2017 0:41,41.00,6/13/17 7:30 AM,450.00,0.7,0.2833,408,:|,0,68,2418
6/14/2017 2:18,138.00,6/14/17 7:30 AM,450.00,0.55,0.216,311,:|,0,65,5203
6/15/2017 0:09,9.00,6/15/17 7:30 AM,450.00,0.81,0.3063,441,:|,0,63,2640
6/16/2017 3:25,205.00,6/16/17 7:29 AM,449.00,0.45,0.1694,244,:|,0,63,2019
6/17/2017 3:38,218.00,6/17/17 10:31 AM,631.00,0.82,0.2868,413,:),1,86,2834
6/18/2017 2:30,150.00,6/18/17 9:04 AM,544.00,0.82,0.2729,393,:),1,90,1968
6/19/2017 1:41,101.00,6/19/17 7:25 AM,445.00,0.61,0.2389,344,:),1,90,1648
6/20/2017 3:38,218.00,6/20/17 7:31 AM,451.00,0.4,0.1611,232,:|,0,79,5184
6/21/2017 2:35,155.00,6/21/17 7:30 AM,450.00,0.46,0.2042,294,:|,0,155,3656
6/22/2017 1:35,95.00,6/22/17 7:32 AM,452.00,0.49,0.2472,356,:|,0,155,4076
6/23/2017 1:27,87.00,6/23/17 7:30 AM,450.00,0.48,0.2521,363,:|,0,79,2655
6/24/2017 2:31,151.00,6/24/17 10:43 AM,643.00,0.83,0.3417,492,:),1,90,2614
6/25/2017 3:09,189.00,6/25/17 10:13 AM,613.00,0.88,0.2944,424,:),1,100,2215
6/26/2017 1:26,86.00,6/26/17 7:29 AM,449.00,0.63,0.2514,362,:|,0,62,5468
6/27/2017 1:47,107.00,6/27/17 7:31 AM,451.00,0.63,0.2382,343,:|,0,80,4557
6/28/2017 1:59,119.00,6/28/17 7:30 AM,450.00,0.6,0.2299,331,:|,0,80,3543
6/29/2017 2:28,148.00,6/29/17 7:30 AM,450.00,0.51,0.209,301,:|,0,68,5555
6/30/2017 1:45,105.00,6/30/17 7:32 AM,452.00,0.49,0.241,347,:|,0,69,1259
7/2/2017 2:37,157.00,7/2/17 8:27 AM,507.00,0.6,0.2431,350,:|,0,107,551
7/3/2017 1:40,100.00,7/3/17 11:25 AM,685.00,0.89,0.4063,585,:),1,96,1840
7/4/2017 2:10,130.00,7/4/17 10:06 AM,606.00,0.87,0.3306,476,:),1,72,1595
7/5/2017 1:45,105.00,7/5/17 7:31 AM,451.00,0.49,0.2403,346,:|,0,64,3109
7/6/2017 1:14,74.00,7/6/17 7:30 AM,450.00,0.7,0.2604,375,:),1,69,3293
7/7/2017 1:16,76.00,7/7/17 7:14 AM,434.00,0.6,0.2486,358,:),1,84,5327
7/8/2017 2:19,139.00,7/8/17 10:39 AM,639.00,0.94,0.3472,500,:),1,85,5204
7/9/2017 2:31,151.00,7/9/17 9:06 AM,546.00,0.57,0.2736,394,:),1,77,3204
7/10/2017 0:22,22.00,7/10/17 7:31 AM,451.00,0.79,0.2972,428,:|,0,62,11625
7/11/2017 1:05,65.00,7/11/17 7:30 AM,450.00,0.71,0.2667,384,:|,0,63,4857
7/12/2017 1:13,73.00,7/12/17 7:25 AM,445.00,0.68,0.2583,372,:|,0,61,3778
7/14/2017 1:44,104.00,7/14/17 10:49 AM,649.00,0.61,0.3785,545,:),1,107,10689
7/15/2017 3:04,184.00,7/15/17 9:48 AM,588.00,0.57,0.2799,403,:),1,87,10496
7/16/2017 0:52,52.00,7/16/17 8:51 AM,531.00,0.57,0.2799,403,:),1,87,11270
7/17/2017 2:44,164.00,7/17/17 6:30 AM,390.00,0.47,0.1569,226,:|,0,69,9879
7/18/2017 2:36,156.00,7/18/17 7:31 AM,451.00,0.57,0.2042,294,:|,0,68,2868
7/19/2017 1:19,79.00,7/19/17 7:29 AM,449.00,0.65,0.2563,369,:),1,68,2278
7/20/2017 2:22,142.00,7/20/17 7:31 AM,451.00,0.59,0.2139,308,:|,0,61,4273
7/21/2017 1:30,90.00,7/21/17 7:32 AM,452.00,0.64,0.2507,361,:|,0,74,2074
7/22/2017 4:12,252.00,7/22/17 11:35 AM,695.00,0.79,0.3076,443,:),1,86,3036
7/23/2017 4:50,290.00,7/23/17 10:58 AM,658.00,0.57,0.2549,367,:),1,103,875
7/24/2017 0:24,24.00,7/24/17 7:30 AM,450.00,0.75,0.2951,425,:|,0,103,1276
7/25/2017 1:16,76.00,7/25/17 7:28 AM,448.00,0.55,0.2576,371,:|,0,77,4734
7/26/2017 1:24,84.00,7/26/17 7:31 AM,451.00,0.66,0.2542,366,:|,0,77,1843
7/27/2017 1:30,90.00,7/27/17 7:30 AM,450.00,0.61,0.2493,359,:(,-1,67,3802
7/28/2017 1:48,108.00,7/28/17 7:29 AM,449.00,0.48,0.2368,341,:),1,64,3605
7/29/2017 1:03,63.00,7/29/17 8:42 AM,522.00,0.72,0.3188,459,:),1,97,3335
7/30/2017 2:13,133.00,7/30/17 9:29 AM,569.00,0.61,0.3028,436,:),1,86,6128
7/31/2017 23:43,1423.00,8/1/17 7:39 AM,459.00,0.77,0.3306,476,:|,0,60,12393
8/1/2017 23:46,1426.00,8/2/17 7:45 AM,465.00,0.56,0.3326,479,:|,0,60,2355
8/3/2017 2:18,138.00,8/3/17 7:44 AM,464.00,0.63,0.2264,326,:),1,70,3244
8/4/2017 0:28,28.00,8/4/17 7:44 AM,464.00,0.63,0.3021,435,:|,0,62,1738
8/5/2017 2:21,141.00,8/5/17 3:04 AM,184.00,0.09,0.0292,42,:|,0,62,2757
8/5/2017 3:05,185.00,8/5/17 8:08 AM,488.00,0.43,0.2104,303,:),1,89,0
8/7/2017 0:28,28.00,8/7/17 7:44 AM,464.00,0.55,0.3021,435,:),1,65,1112
8/8/2017 0:27,27.00,8/8/17 7:43 AM,463.00,0.69,0.3028,436,:),1,83,2439
8/9/2017 0:50,50.00,8/9/17 7:45 AM,465.00,0.61,0.2882,415,:(,-1,86,1901
8/10/2017 0:57,57.00,8/10/17 7:45 AM,465.00,0.49,0.2826,407,:),1,65,2212
8/11/2017 0:09,9.00,8/11/17 7:42 AM,462.00,0.58,0.3139,452,:|,0,67,1802
8/14/2017 4:05,245.00,8/14/17 7:45 AM,465.00,0.18,0.1528,220,:(,-1,78,1531
8/16/2017 2:05,125.00,8/16/17 7:46 AM,466.00,0.34,0.2361,340,:|,0,61,2587
8/18/2017 4:06,246.00,8/18/17 7:44 AM,464.00,0.23,0.1514,218,:|,0,61,2380
8/20/2017 1:22,82.00,8/20/17 7:44 AM,464.00,0.57,0.2653,382,:|,0,68,227
8/21/2017 2:43,163.00,8/21/17 11:01 AM,661.00,0.85,0.3451,497,:|,0,106,2190
8/22/2017 1:51,111.00,8/22/17 8:26 AM,506.00,0.75,0.2736,394,:|,0,74,854
8/23/2017 6:18,378.00,8/23/17 9:26 AM,566.00,0.29,0.1299,187,:),1,100,62
8/24/2017 4:16,256.00,8/24/17 12:08 PM,728.00,0.69,0.3271,471,:),1,80,1792
8/25/2017 3:45,225.00,8/25/17 8:25 AM,505.00,0.38,0.1944,280,:),1,79,5514
8/27/2017 3:34,214.00,8/27/17 10:25 AM,625.00,0.84,0.2854,411,:),1,91,8607
8/28/2017 0:37,37.00,8/28/17 7:47 AM,467.00,0.78,0.2986,430,:),1,76,3197
8/29/2017 0:47,47.00,8/29/17 7:26 AM,446.00,0.56,0.2764,398,:),1,78,6550
8/30/2017 0:44,44.00,8/30/17 7:46 AM,466.00,0.69,0.2924,421,:),1,69,8202
8/31/2017 0:28,28.00,8/31/17 7:49 AM,469.00,0.72,0.3056,440,:),1,72,6318
9/1/2017 0:40,40.00,9/1/17 6:54 AM,414.00,0.59,0.259,373,:),1,84,8170
9/2/2017 1:25,85.00,9/2/17 9:45 AM,585.00,1,0.3472,500,:),1,74,7690
9/3/2017 1:50,110.00,9/3/17 9:23 AM,563.00,0.76,0.3139,452,:),1,77,3814
9/4/2017 1:14,74.00,9/4/17 9:58 AM,598.00,0.99,0.3632,523,:),1,66,5000
9/5/2017 0:55,55.00,9/5/17 7:16 AM,436.00,0.52,0.2646,381,:|,0,84,4793
9/6/2017 2:09,129.00,9/6/17 7:13 AM,433.00,0.51,0.2104,303,:|,0,65,5732
9/7/2017 1:59,119.00,9/7/17 7:16 AM,436.00,0.56,0.2194,316,:),1,72,8324
9/8/2017 1:36,96.00,9/8/17 7:15 AM,435.00,0.54,0.2347,338,:|,0,70,7300
9/9/2017 6:09,369.00,9/9/17 10:52 AM,652.00,0.48,0.1958,282,:),1,83,292
9/10/2017 4:39,279.00,9/10/17 1:04 PM,784.00,0.79,0.35,504,:),1,72,800
9/11/2017 0:13,13.00,9/11/17 7:15 AM,435.00,0.67,0.2924,421,:),1,89,1126
9/12/2017 1:21,81.00,9/12/17 7:16 AM,436.00,0.6,0.2458,354,:|,0,80,10162
9/13/2017 2:33,153.00,9/13/17 7:15 AM,435.00,0.57,0.1958,282,:),1,80,5633
9/14/2017 2:46,166.00,9/14/17 7:17 AM,437.00,0.49,0.1882,271,:),1,95,7227
9/15/2017 6:05,365.00,9/15/17 7:15 AM,435.00,0.15,0.0479,69,:|,0,74,207
9/18/2017 5:22,322.00,9/18/17 8:12 AM,492.00,0.12,0.1181,170,:),1,74,7052
9/18/2017 23:47,1427.00,9/19/17 8:13 AM,493.00,0.72,0.3514,506,:),1,97,6482
9/21/2017 2:59,179.00,9/21/17 7:16 AM,436.00,0.31,0.1785,257,:),1,92,14019
9/22/2017 2:46,166.00,9/22/17 7:16 AM,436.00,0.52,0.1875,270,:),1,68,6312
9/23/2017 1:02,62.00,9/23/17 9:28 AM,568.00,0.84,0.3514,506,:),1,71,4017
9/24/2017 5:28,328.00,9/24/17 9:09 AM,549.00,0.39,0.1535,221,:),1,67,14184
9/25/2017 1:30,90.00,9/25/17 7:14 AM,434.00,0.58,0.2389,344,:),1,67,4288
9/26/2017 5:45,345.00,9/26/17 7:35 AM,455.00,0.19,0.0764,110,:|,0,81,11123
9/27/2017 3:33,213.00,9/27/17 7:14 AM,434.00,0.37,0.1528,220,:),1,74,9251
9/28/2017 2:39,159.00,9/28/17 7:15 AM,435.00,0.53,0.191,275,:|,0,56,9263
9/29/2017 5:21,321.00,9/29/17 7:10 AM,430.00,0.2,0.0757,109,:|,0,73,8407
9/30/2017 0:19,19.00,9/30/17 8:42 AM,522.00,0.93,0.3493,503,:),1,65,3905
10/1/2017 4:22,262.00,10/1/17 9:24 AM,564.00,0.6,0.209,301,:),1,60,6937
10/4/2017 4:13,253.00,10/4/17 7:45 AM,465.00,0.35,0.1465,211,:|,0,90,12050
10/5/2017 1:10,70.00,10/5/17 5:45 AM,345.00,0.5,0.191,275,:|,0,67,6249
10/8/2017 2:16,136.00,10/8/17 9:16 AM,556.00,0.63,0.2917,420,:),1,92,5136
10/9/2017 3:45,225.00,10/9/17 8:30 AM,510.00,0.35,0.1979,285,:|,0,97,5202
10/10/2017 1:25,85.00,10/10/17 9:01 AM,541.00,0.49,0.316,455,:),1,70,2157
10/11/2017 3:16,196.00,10/11/17 7:49 AM,469.00,0.44,0.1896,273,:),1,109,6426
10/12/2017 0:52,52.00,10/12/17 8:01 AM,481.00,0.71,0.2979,429,:),1,109,9466
10/13/2017 6:30,390.00,10/13/17 8:31 AM,511.00,0.1,0.084,121,:),1,69,2458
10/14/2017 2:58,178.00,10/14/17 10:55 AM,655.00,0.83,0.3306,476,:),1,83,4166
10/15/2017 4:13,253.00,10/15/17 9:11 AM,551.00,0.51,0.2069,298,:),1,66,2988
10/16/2017 1:39,99.00,10/16/17 8:30 AM,510.00,0.68,0.2847,410,:),1,66,4582
10/17/2017 4:23,263.00,10/17/17 8:21 AM,501.00,0.38,0.1646,237,:),1,91,10729
10/18/2017 2:25,145.00,10/18/17 8:26 AM,506.00,0.53,0.25,360,:),1,79,9074
10/19/2017 3:45,225.00,10/19/17 8:27 AM,507.00,0.48,0.1951,281,:),1,79,5973
10/20/2017 4:13,253.00,10/20/17 8:00 AM,480.00,0.31,0.1576,227,:),1,90,9582
10/22/2017 4:04,244.00,10/22/17 9:41 AM,581.00,0.53,0.234,337,:),1,97,6818
10/23/2017 3:27,207.00,10/23/17 7:53 AM,473.00,0.44,0.184,265,:),1,68,8097
10/24/2017 1:22,82.00,10/24/17 7:33 AM,453.00,0.61,0.2569,370,:),1,101,11234
10/25/2017 1:11,71.00,10/25/17 7:58 AM,478.00,0.68,0.2819,406,:|,0,67,10530
10/26/2017 3:38,218.00,10/26/17 7:52 AM,472.00,0.4,0.1764,254,:|,0,90,10532
10/27/2017 0:54,54.00,10/27/17 7:45 AM,465.00,0.72,0.2854,411,:|,0,68,5528
10/28/2017 4:14,254.00,10/28/17 10:50 AM,650.00,0.57,0.275,396,:),1,64,9450
10/29/2017 2:44,164.00,10/29/17 10:24 AM,624.00,0.87,0.3194,460,:),1,59,1506
10/30/2017 2:26,146.00,10/30/17 7:44 AM,464.00,0.58,0.2208,318,:),1,71,1727
10/31/2017 2:30,150.00,10/31/17 7:54 AM,474.00,0.6,0.2243,323,:),1,75,7827
10/31/2017 23:08,1388.00,11/1/17 8:14 AM,494.00,0.85,0.3792,546,:),1,67,6349
11/2/2017 2:23,143.00,11/2/17 7:57 AM,477.00,0.62,0.2319,334,:),1,77,19014
11/3/2017 1:40,100.00,11/3/17 7:42 AM,462.00,0.65,0.2514,362,:),1,100,7419
11/4/2017 4:47,287.00,11/4/17 8:44 AM,524.00,0.43,0.1646,237,:),1,96,6530
11/5/2017 4:20,260.00,11/5/17 8:07 AM,487.00,0.33,0.1569,226,:),1,75,1800
11/6/2017 2:48,168.00,11/6/17 8:26 AM,506.00,0.57,0.234,337,:),1,72,2416
11/6/2017 23:07,1387.00,11/7/17 8:27 AM,507.00,0.94,0.3882,559,:),1,104,5104
11/8/2017 4:14,254.00,11/8/17 8:31 AM,511.00,0.49,0.1778,256,:),1,77,8411
11/9/2017 2:39,159.00,11/9/17 8:21 AM,501.00,0.6,0.2375,342,:),1,69,5384
11/10/2017 0:42,42.00,11/10/17 8:28 AM,508.00,0.79,0.3236,466,:),1,73,6392
11/11/2017 1:23,83.00,11/11/17 7:28 AM,448.00,0.69,0.2535,365,:),1,73,8337
11/12/2017 5:26,326.00,11/12/17 9:59 AM,599.00,0.47,0.1896,273,:),1,118,4196
11/14/2017 0:47,47.00,11/14/17 8:30 AM,510.00,0.73,0.3208,462,:),1,61,10861
11/15/2017 0:09,9.00,11/15/17 8:03 AM,483.00,0.89,0.3292,474,:),1,86,9129
11/16/2017 1:38,98.00,11/16/17 8:26 AM,506.00,0.79,0.2833,408,:),1,77,6279
11/17/2017 5:17,317.00,11/17/17 7:30 AM,450.00,0.29,0.0924,133,:|,0,63,9491
11/18/2017 4:17,257.00,11/18/17 7:51 AM,471.00,0.37,0.1479,213,:),1,85,8526
11/19/2017 2:25,145.00,11/19/17 9:29 AM,569.00,0.74,0.2944,424,:),1,102,4921
11/20/2017 5:25,325.00,11/20/17 7:23 AM,443.00,0.24,0.0813,117,:),1,91,4266
11/21/2017 2:13,133.00,11/21/17 8:17 AM,497.00,0.61,0.2521,363,:),1,61,5922
11/22/2017 3:37,217.00,11/22/17 7:28 AM,448.00,0.36,0.1604,231,:),1,86,6741
11/23/2017 3:38,218.00,11/23/17 9:06 AM,546.00,0.54,0.2271,327,:),1,98,2527
11/24/2017 1:37,97.00,11/24/17 11:47 AM,707.00,0.83,0.4229,609,:),1,110,2944
11/25/2017 1:40,100.00,11/25/17 7:32 AM,452.00,0.58,0.2438,351,:),1,111,1907
11/26/2017 4:28,268.00,11/26/17 9:40 AM,580.00,0.5,0.216,311,:),1,83,1402
11/27/2017 4:12,252.00,11/27/17 7:03 AM,423.00,0.31,0.1188,171,:),1,129,3257
11/29/2017 3:42,222.00,11/29/17 7:29 AM,449.00,0.31,0.1576,227,:),1,75,8041
11/30/2017 2:22,142.00,11/30/17 7:08 AM,428.00,0.45,0.1986,286,:),1,97,7450
12/1/2017 1:54,114.00,12/1/17 7:02 AM,422.00,0.52,0.2132,307,:),1,99,6178
12/2/2017 3:11,191.00,12/2/17 7:01 AM,421.00,0.38,0.1597,230,:),1,72,5049
12/3/2017 2:40,160.00,12/3/17 9:13 AM,553.00,0.66,0.2729,393,:),1,77,2060
12/4/2017 4:10,250.00,12/4/17 7:29 AM,449.00,0.37,0.1375,198,:),1,57,6865
12/5/2017 4:22,262.00,12/5/17 7:29 AM,449.00,0.37,0.1299,187,:),1,68,8443
12/6/2017 2:11,131.00,12/6/17 7:32 AM,452.00,0.58,0.2222,320,:),1,68,6799
12/7/2017 4:05,245.00,12/7/17 6:45 AM,405.00,0.32,0.1111,160,:),1,74,7940
12/8/2017 6:14,374.00,12/8/17 8:59 AM,539.00,0.12,0.1139,164,:),1,84,434
12/10/2017 5:27,327.00,12/10/17 9:36 AM,576.00,0.46,0.1729,249,:),1,112,3417
12/11/2017 2:30,150.00,12/11/17 7:31 AM,451.00,0.5,0.2083,300,:),1,67,1640
12/12/2017 2:00,120.00,12/12/17 7:21 AM,441.00,0.61,0.2229,321,:),1,96,5375
12/13/2017 2:58,178.00,12/13/17 7:28 AM,448.00,0.45,0.1868,269,:),1,61,5632
